{
  "user": [
    {
      "id": 1,
      "last_login": "2022-05-04T12:15:13.948820Z",
      "is_superuser": false,
      "created_at": "2022-05-04T12:14:58.805484Z",
      "staff": true,
      "active": true,
      "is_verified": false,
      "main_sector": false,
      "email": null,
      "phone_number": null,
      "first_name": null,
      "last_name": null,
      "ProfileImage": null,
      "roles": 1,
      "sector": null,
      "groups": [],
      "user_permissions": []
    },
    {
      "id": 6,
      "last_login": null,
      "is_superuser": false,
      "created_at": "2022-05-06T12:56:25.112449Z",
      "staff": false,
      "active": true,
      "is_verified": true,
      "main_sector": false,
      "email": "beamlaktadesse5@gmail.com",
      "phone_number": null,
      "first_name": "admin1",
      "last_name": "admin1",
      "ProfileImage": null,
      "roles": 2,
      "sector": 2,
      "groups": [],
      "user_permissions": []
    },
    {
      "id": 7,
      "last_login": null,
      "is_superuser": false,
      "created_at": "2022-05-14T14:38:29.410549Z",
      "staff": false,
      "active": true,
      "is_verified": false,
      "main_sector": false,
      "email": "beamlaktadesse4@gmail.com",
      "phone_number": null,
      "first_name": null,
      "last_name": null,
      "ProfileImage": null,
      "roles": 2,
      "sector": 1,
      "groups": [],
      "user_permissions": []
    },
    {
      "id": 8,
      "last_login": null,
      "is_superuser": false,
      "created_at": "2022-05-22T04:56:24.962245Z",
      "staff": false,
      "active": true,
      "is_verified": true,
      "main_sector": false,
      "email": "shashonahili702@gmail.com",
      "phone_number": null,
      "first_name": "nahili",
      "last_name": "nahili",
      "ProfileImage": null,
      "roles": 2,
      "sector": 2,
      "groups": [],
      "user_permissions": []
    }
  ]
}
